"21.310301","-157.858093","2022-09-14T03:00","PM2.5","4","1"
"20.869444","-156.492417","2022-09-14T03:00","PM2.5","25","1"
"19.5097","-155.9133","2022-09-14T03:00","PM2.5","28","1"
"19.977467","-155.798067","2022-09-14T03:00","PM2.5","17","1"
"19.117561","-155.778137","2022-09-14T03:00","PM2.5","30","1"
"19.2065","-155.4689","2022-09-14T03:00","PM2.5","16","1"
"19.555445","-155.102036","2022-09-14T03:00","PM2.5","4","1"
"61.205861","-149.8246","2022-09-14T03:00","PM2.5","0","1"
"61.534163","-149.031655","2022-09-14T03:00","PM2.5","0","1"
"64.8458","-147.72727","2022-09-14T03:00","PM2.5","4","1"
"64.845931","-147.693278","2022-09-14T03:00","PM2.5","0","1"
"64.762973","-147.310297","2022-09-14T03:00","PM2.5","28","1"
"70.1319","-143.6239","2022-09-14T03:00","PM2.5","27","1"
"60.71972","-135.05875","2022-09-14T03:00","PM2.5","8","1"
"58.388889","-134.565556","2022-09-14T03:00","PM2.5","16","1"
"48.2867","-124.6203","2022-09-14T03:00","PM2.5","32","1"
"48.366058","-124.610046","2022-09-14T03:00","PM2.5","21","1"
"42.054597","-124.276768","2022-09-14T03:00","PM2.5","20","1"
"43.381943","-124.263885","2022-09-14T03:00","PM2.5","0","1"
"43.362575","-124.218856","2022-09-14T03:00","PM2.5","9","1"
"41.75613","-124.20347","2022-09-14T03:00","PM2.5","4","1"
"43.989643","-124.109312","2022-09-14T03:00","PM2.5","26","1"
"44.624399","-123.940064","2022-09-14T03:00","PM2.5","12","1"
"46.9772","-123.8317","2022-09-14T03:00","PM2.5","19","1"
"45.454722","-123.82","2022-09-14T03:00","PM2.5","11","1"
"46.688218","-123.731764","2022-09-14T03:00","PM2.5","24","1"
"42.1617","-123.64835","2022-09-14T03:00","PM2.5","20","1"
"48.115","-123.436434","2022-09-14T03:00","PM2.5","29","1"
"43.152911","-123.382212","2022-09-14T03:00","PM2.5","25","1"
"39.39861","-123.35872","2022-09-14T03:00","PM2.5","28","1"
"42.434149","-123.348466","2022-09-14T03:00","PM2.5","16","1"
"44.92261","-123.301956","2022-09-14T03:00","PM2.5","16","1"
"44.565803","-123.292706","2022-09-14T03:00","PM2.5","9","1"
"49.368","-123.277","2022-09-14T03:00","PM2.5","61","2"
"39.150478","-123.206528","2022-09-14T03:00","PM2.5","58","2"
"49.18639","-123.15222","2022-09-14T03:00","PM2.5","58","2"
"44.067223","-123.14135","2022-09-14T03:00","PM2.5","25","1"
"44.1158","-123.12107","2022-09-14T03:00","PM2.5","16","1"
"49.14139","-123.10833","2022-09-14T03:00","PM2.5","69","2"
"45.52483","-123.10554","2022-09-14T03:00","PM2.5","18","1"
"47.213551","-123.100807","2022-09-14T03:00","PM2.5","20","1"
"44.61569","-123.091457","2022-09-14T03:00","PM2.5","18","1"
"44.0263","-123.08377","2022-09-14T03:00","PM2.5","26","1"
"49.323891","-123.083611","2022-09-14T03:00","PM2.5","59","2"
"49.009869","-123.082017","2022-09-14T03:00","PM2.5","60","2"
"49.3","-123.02","2022-09-14T03:00","PM2.5","74","2"
"44.046683","-123.017736","2022-09-14T03:00","PM2.5","16","1"
"44.943114","-123.005934","2022-09-14T03:00","PM2.5","19","1"
"49.21528","-122.98556","2022-09-14T03:00","PM2.5","61","2"
"44.976568","-122.976308","2022-09-14T03:00","PM2.5","16","1"
"45.528501","-122.972398","2022-09-14T03:00","PM2.5","22","1"
"49.2794","-122.9711","2022-09-14T03:00","PM2.5","58","2"
"46.664089","-122.967323","2022-09-14T03:00","PM2.5","20","1"
"46.1394","-122.9619","2022-09-14T03:00","PM2.5","21","1"
"40.734722","-122.941109","2022-09-14T03:00","PM2.5","31","1"
"44.81029","-122.915085","2022-09-14T03:00","PM2.5","22","1"
"49.15833","-122.90167","2022-09-14T03:00","PM2.5","59","2"
"42.33155","-122.880266","2022-09-14T03:00","PM2.5","25","1"
"45.143141","-122.854708","2022-09-14T03:00","PM2.5","19","1"
"49.28083","-122.84917","2022-09-14T03:00","PM2.5","52","2"
"47.029301","-122.821503","2022-09-14T03:00","PM2.5","17","1"
"38.403765","-122.818294","2022-09-14T03:00","PM2.5","20","1"
"45.4702","-122.8159","2022-09-14T03:00","PM2.5","21","1"
"42.623225","-122.810158","2022-09-14T03:00","PM2.5","20","1"
"45.014998","-122.790382","2022-09-14T03:00","PM2.5","23","1"
"42.229891","-122.7877","2022-09-14T03:00","PM2.5","23","1"
"48.129101","-122.7789","2022-09-14T03:00","PM2.5","33","1"
"45.768531","-122.7721","2022-09-14T03:00","PM2.5","25","1"
"45.39916","-122.7455","2022-09-14T03:00","PM2.5","29","1"
"45.5901","-122.73762","2022-09-14T03:00","PM2.5","20","1"
"44.3958","-122.7305","2022-09-14T03:00","PM2.5","20","1"
"49.24528","-122.70889","2022-09-14T03:00","PM2.5","65","2"
"42.1941","-122.7086","2022-09-14T03:00","PM2.5","25","1"
"49.13278","-122.69417","2022-09-14T03:00","PM2.5","63","2"
"45.5187","-122.6881","2022-09-14T03:00","PM2.5","20","1"
"45.558081","-122.670985","2022-09-14T03:00","PM2.5","17","1"
"48.294399","-122.660004","2022-09-14T03:00","PM2.5","23","1"
"45.51421","-122.653294","2022-09-14T03:00","PM2.5","21","1"
"41.72679","-122.63359","2022-09-14T03:00","PM2.5","22","1"
"47.592675","-122.627397","2022-09-14T03:00","PM2.5","64","2"
"44.778743","-122.617048","2022-09-14T03:00","PM2.5","25","1"
"48.52008","-122.613213","2022-09-14T03:00","PM2.5","52","2"
"45.496641","-122.602877","2022-09-14T03:00","PM2.5","24","1"
"45.47142","-122.60147","2022-09-14T03:00","PM2.5","20","1"
"45.25928","-122.588151","2022-09-14T03:00","PM2.5","23","1"
"45.64336","-122.58737","2022-09-14T03:00","PM2.5","20","1"
"45.5418","-122.5795","2022-09-14T03:00","PM2.5","22","1"
"45.562203","-122.575624","2022-09-14T03:00","PM2.5","25","1"
"49.09556","-122.56694","2022-09-14T03:00","PM2.5","56","2"
"48.465401","-122.559998","2022-09-14T03:00","PM2.5","35","1"
"48.950699","-122.554398","2022-09-14T03:00","PM2.5","46","1"
"37.9722","-122.5189","2022-09-14T03:00","PM2.5","30","1"
"45.6166","-122.516602","2022-09-14T03:00","PM2.5","16","1"
"45.4962","-122.4834","2022-09-14T03:00","PM2.5","20","1"
"43.74436","-122.480506","2022-09-14T03:00","PM2.5","20","1"
"44.752092","-122.479672","2022-09-14T03:00","PM2.5","28","1"
"47.22634","-122.46256","2022-09-14T03:00","PM2.5","53","2"
"48.760036","-122.456463","2022-09-14T03:00","PM2.5","63","2"
"47.1864","-122.4517","2022-09-14T03:00","PM2.5","44","1"
"45.863899","-122.410889","2022-09-14T03:00","PM2.5","20","1"
"37.7658","-122.3978","2022-09-14T03:00","PM2.5","9","1"
"47.2656","-122.3858","2022-09-14T03:00","PM2.5","28","1"
"40.5497","-122.3792","2022-09-14T03:00","PM2.5","51","2"
"37.9604","-122.3571","2022-09-14T03:00","PM2.5","33","1"
"47.559975","-122.338265","2022-09-14T03:00","PM2.5","64","2"
"48.410198","-122.337601","2022-09-14T03:00","PM2.5","50","1"
"45.291413","-122.332626","2022-09-14T03:00","PM2.5","23","1"
"47.5297","-122.3203","2022-09-14T03:00","PM2.5","62","2"
"47.597222","-122.319722","2022-09-14T03:00","PM2.5","61","2"
"41.312688","-122.318254","2022-09-14T03:00","PM2.5","33","1"
"49.04278","-122.30972","2022-09-14T03:00","PM2.5","59","2"
"47.568236","-122.308628","2022-09-14T03:00","PM2.5","59","2"
"40.4531","-122.2978","2022-09-14T03:00","PM2.5","35","1"
"48.065339","-122.285194","2022-09-14T03:00","PM2.5","20","1"
"37.8148","-122.282402","2022-09-14T03:00","PM2.5","17","1"
"47.498535","-122.278385","2022-09-14T03:00","PM2.5","65","2"
"47.753633","-122.277192","2022-09-14T03:00","PM2.5","60","2"
"37.793624","-122.263376","2022-09-14T03:00","PM2.5","22","1"
"40.170917","-122.255667","2022-09-14T03:00","PM2.5","34","1"
"38.102507","-122.237976","2022-09-14T03:00","PM2.5","12","1"
"47.386101","-122.230202","2022-09-14T03:00","PM2.5","58","2"
"47.2814","-122.2233","2022-09-14T03:00","PM2.5","51","2"
"37.4828","-122.2022","2022-09-14T03:00","PM2.5","14","1"
"39.53387","-122.190834","2022-09-14T03:00","PM2.5","18","1"
"44.728314","-122.182756","2022-09-14T03:00","PM2.5","21","1"
"48.054315","-122.171529","2022-09-14T03:00","PM2.5","59","2"
"37.743061","-122.169907","2022-09-14T03:00","PM2.5","21","1"
"47.600863","-122.148397","2022-09-14T03:00","PM2.5","40","1"
"48.9477","-122.1471","2022-09-14T03:00","PM2.5","48","1"
"42.910942","-122.145116","2022-09-14T03:00","PM2.5","23","1"
"47.552502","-122.064697","2022-09-14T03:00","PM2.5","30","1"
"37.9383","-122.025","2022-09-14T03:00","PM2.5","18","1"
"39.18919","-121.99887","2022-09-14T03:00","PM2.5","27","1"
"38.356556","-121.949853","2022-09-14T03:00","PM2.5","4","1"
"49.15611","-121.94056","2022-09-14T03:00","PM2.5","55","2"
"47.141102","-121.937897","2022-09-14T03:00","PM2.5","41","1"
"42.541077","-121.921636","2022-09-14T03:00","PM2.5","18","1"
"37.701222","-121.903019","2022-09-14T03:00","PM2.5","25","1"
"37.3483","-121.8947","2022-09-14T03:00","PM2.5","21","1"
"37.338202","-121.849892","2022-09-14T03:00","PM2.5","8","1"
"39.76168","-121.84047","2022-09-14T03:00","PM2.5","24","1"
"37.687526","-121.784217","2022-09-14T03:00","PM2.5","23","1"
"45.28845","-121.782775","2022-09-14T03:00","PM2.5","28","1"
"38.53455","-121.7734","2022-09-14T03:00","PM2.5","6","1"
"47.4902","-121.772697","2022-09-14T03:00","PM2.5","38","1"
"49.238008","-121.762264","2022-09-14T03:00","PM2.5","59","2"
"38.661239","-121.732683","2022-09-14T03:00","PM2.5","8","1"
"42.190296","-121.731369","2022-09-14T03:00","PM2.5","24","1"
"38.167297","-121.688561","2022-09-14T03:00","PM2.5","41","1"
"39.32756","-121.66881","2022-09-14T03:00","PM2.5","7","1"
"39.13868","-121.61884","2022-09-14T03:00","PM2.5","21","1"
"48.246799","-121.603104","2022-09-14T03:00","PM2.5","51","2"
"36.999571","-121.574684","2022-09-14T03:00","PM2.5","17","1"
"44.2921","-121.5555","2022-09-14T03:00","PM2.5","92","2"
"45.685138","-121.527478","2022-09-14T03:00","PM2.5","27","1"
"43.70376","-121.5273","2022-09-14T03:00","PM2.5","185","4"
"38.593328","-121.503728","2022-09-14T03:00","PM2.5","24","1"
"49.36972","-121.49944","2022-09-14T03:00","PM2.5","57","2"
"38.56844","-121.49311","2022-09-14T03:00","PM2.5","38","1"
"37.6825","-121.4406","2022-09-14T03:00","PM2.5","18","1"
"43.868956","-121.434248","2022-09-14T03:00","PM2.5","165","4"
"38.613804","-121.368007","2022-09-14T03:00","PM2.5","15","1"
"38.86794","-121.33835","2022-09-14T03:00","PM2.5","13","1"
"44.024283","-121.330964","2022-09-14T03:00","PM2.5","160","4"
"44.063916","-121.312554","2022-09-14T03:00","PM2.5","159","4"
"44.054661","-121.294068","2022-09-14T03:00","PM2.5","128","3"
"37.961578","-121.281414","2022-09-14T03:00","PM2.5","23","1"
"44.093619","-121.272518","2022-09-14T03:00","PM2.5","125","3"
"38.74643","-121.26498","2022-09-14T03:00","PM2.5","24","1"
"40.301899","-121.235001","2022-09-14T03:00","PM2.5","28","1"
"37.8027","-121.2208","2022-09-14T03:00","PM2.5","29","1"
"38.494475","-121.211131","2022-09-14T03:00","PM2.5","5","1"
"45.602419","-121.203387","2022-09-14T03:00","PM2.5","26","1"
"44.275","-121.1905","2022-09-14T03:00","PM2.5","76","2"
"38.683304","-121.164457","2022-09-14T03:00","PM2.5","11","1"
"44.6306","-121.131599","2022-09-14T03:00","PM2.5","53","2"
"38.93568","-121.09959","2022-09-14T03:00","PM2.5","14","1"
"39.234402","-121.055603","2022-09-14T03:00","PM2.5","0","1"
"37.642165","-120.994212","2022-09-14T03:00","PM2.5","27","1"
"39.1003","-120.9528","2022-09-14T03:00","PM2.5","9","1"
"39.9369","-120.9478","2022-09-14T03:00","PM2.5","11","1"
"44.299787","-120.844773","2022-09-14T03:00","PM2.5","74","2"
"37.4883","-120.8358","2022-09-14T03:00","PM2.5","17","1"
"38.20185","-120.680277","2022-09-14T03:00","PM2.5","13","1"
"35.494556","-120.666203","2022-09-14T03:00","PM2.5","21","1"
"47.5988","-120.6647","2022-09-14T03:00","PM2.5","155","4"
"35.259473","-120.644493","2022-09-14T03:00","PM2.5","29","1"
"35.04676","-120.58777","2022-09-14T03:00","PM2.5","33","1"
"35.02079","-120.56389","2022-09-14T03:00","PM2.5","35","1"
"46.9936","-120.545","2022-09-14T03:00","PM2.5","60","2"
"46.594952","-120.512283","2022-09-14T03:00","PM2.5","74","2"
"37.30833","-120.480361","2022-09-14T03:00","PM2.5","33","1"
"39.808334","-120.471664","2022-09-14T03:00","PM2.5","159","4"
"34.637798","-120.456703","2022-09-14T03:00","PM2.5","18","1"
"37.2817","-120.433601","2022-09-14T03:00","PM2.5","31","1"
"34.890667","-120.432844","2022-09-14T03:00","PM2.5","18","1"
"36.6324","-120.3822","2022-09-14T03:00","PM2.5","18","1"
"42.189215","-120.353969","2022-09-14T03:00","PM2.5","35","1"
"47.43061","-120.34195","2022-09-14T03:00","PM2.5","144","3"
"46.380199","-120.332603","2022-09-14T03:00","PM2.5","109","3"
"48.4772","-120.1906","2022-09-14T03:00","PM2.5","83","2"
"39.3386","-120.170303","2022-09-14T03:00","PM2.5","268","5"
"39.166","-120.1488","2022-09-14T03:00","PM2.5","154","4"
"48.354124","-120.105116","2022-09-14T03:00","PM2.5","95","2"
"36.1994","-120.0991","2022-09-14T03:00","PM2.5","39","1"
"34.605819","-120.07506","2022-09-14T03:00","PM2.5","23","1"
"36.9533","-120.0341","2022-09-14T03:00","PM2.5","29","1"
"47.83861","-120.02306","2022-09-14T03:00","PM2.5","110","3"
"46.32033","-119.9981","2022-09-14T03:00","PM2.5","149","3"
"38.966434","-119.931016","2022-09-14T03:00","PM2.5","0","1"
"47.24126","-119.84595","2022-09-14T03:00","PM2.5","156","4"
"34.445301","-119.827797","2022-09-14T03:00","PM2.5","33","1"
"39.521918","-119.795444","2022-09-14T03:00","PM2.5","267","5"
"36.71088","-119.77743","2022-09-14T03:00","PM2.5","30","1"
"36.78538","-119.77321","2022-09-14T03:00","PM2.5","51","2"
"39.144804","-119.766409","2022-09-14T03:00","PM2.5","6","1"
"39.54092","-119.746764","2022-09-14T03:00","PM2.5","246","5"
"39.399841","-119.739606","2022-09-14T03:00","PM2.5","196","4"
"36.72622","-119.73249","2022-09-14T03:00","PM2.5","23","1"
"38.897611","-119.732101","2022-09-14T03:00","PM2.5","7","1"
"39.621462","-119.718738","2022-09-14T03:00","PM2.5","247","5"
"36.819199","-119.7164","2022-09-14T03:00","PM2.5","11","1"
"34.42775","-119.69091","2022-09-14T03:00","PM2.5","41","1"
"36.3144","-119.6436","2022-09-14T03:00","PM2.5","42","1"
"37.748707","-119.587094","2022-09-14T03:00","PM2.5","15","1"
"36.102219","-119.566002","2022-09-14T03:00","PM2.5","38","1"
"48.39999","-119.518959","2022-09-14T03:00","PM2.5","129","3"
"36.30815","-119.3129","2022-09-14T03:00","PM2.5","38","1"
"47.1303","-119.2726","2022-09-14T03:00","PM2.5","151","4"
"45.828968","-119.262991","2022-09-14T03:00","PM2.5","112","3"
"46.204582","-119.243743","2022-09-14T03:00","PM2.5","118","3"
"34.44806","-119.2313","2022-09-14T03:00","PM2.5","37","1"
"46.2183","-119.2015","2022-09-14T03:00","PM2.5","134","3"
"34.25239","-119.14318","2022-09-14T03:00","PM2.5","40","1"
"37.962069","-119.120278","2022-09-14T03:00","PM2.5","24","1"
"35.356615","-119.062613","2022-09-14T03:00","PM2.5","22","1"
"36.0319","-119.055","2022-09-14T03:00","PM2.5","31","1"
"43.58925","-119.048302","2022-09-14T03:00","PM2.5","68","2"
"36.6972","-119.0189","2022-09-14T03:00","PM2.5","28","1"
"35.3853","-119.014702","2022-09-14T03:00","PM2.5","29","1"
"46.2001","-119.0084","2022-09-14T03:00","PM2.5","117","3"
"46.5754","-119.0021","2022-09-14T03:00","PM2.5","147","3"
"44.417999","-118.951302","2022-09-14T03:00","PM2.5","72","2"
"34.21017","-118.87051","2022-09-14T03:00","PM2.5","59","2"
"36.489399","-118.826897","2022-09-14T03:00","PM2.5","26","1"
"45.652231","-118.823033","2022-09-14T03:00","PM2.5","104","3"
"36.1358","-118.8108","2022-09-14T03:00","PM2.5","60","2"
"34.40428","-118.80998","2022-09-14T03:00","PM2.5","42","1"
"34.27632","-118.68369","2022-09-14T03:00","PM2.5","53","2"
"34.1992","-118.5331","2022-09-14T03:00","PM2.5","31","1"
"34.3833","-118.5283","2022-09-14T03:00","PM2.5","43","1"
"37.3667","-118.4167","2022-09-14T03:00","PM2.5","27","1"
"47.127998","-118.381897","2022-09-14T03:00","PM2.5","100","2"
"34.181977","-118.363036","2022-09-14T03:00","PM2.5","42","1"
"46.0588","-118.3514","2022-09-14T03:00","PM2.5","121","3"
"37.360701","-118.330835","2022-09-14T03:00","PM2.5","26","1"
"34.066429","-118.226755","2022-09-14T03:00","PM2.5","53","2"
"33.9014","-118.205","2022-09-14T03:00","PM2.5","50","1"
"33.793713","-118.171019","2022-09-14T03:00","PM2.5","35","1"
"35.046528","-118.162833","2022-09-14T03:00","PM2.5","3","1"
"34.669589","-118.130689","2022-09-14T03:00","PM2.5","45","1"
"45.3235","-118.0778","2022-09-14T03:00","PM2.5","76","2"
"47.885201","-117.988602","2022-09-14T03:00","PM2.5","91","2"
"46.318","-117.985","2022-09-14T03:00","PM2.5","117","3"
"33.830586","-117.938509","2022-09-14T03:00","PM2.5","50","1"
"48.54469","-117.903222","2022-09-14T03:00","PM2.5","93","2"
"46.8153","-117.8739","2022-09-14T03:00","PM2.5","118","3"
"36.4878","-117.871","2022-09-14T03:00","PM2.5","32","1"
"34.1439","-117.8508","2022-09-14T03:00","PM2.5","36","1"
"44.78822","-117.8446","2022-09-14T03:00","PM2.5","61","2"
"45.300884","-117.812896","2022-09-14T03:00","PM2.5","75","2"
"34.10366","-117.629096","2022-09-14T03:00","PM2.5","32","1"
"46.474438","-117.614764","2022-09-14T03:00","PM2.5","123","3"
"47.645351","-117.589027","2022-09-14T03:00","PM2.5","110","3"
"47.416401","-117.5298","2022-09-14T03:00","PM2.5","93","2"
"33.996387","-117.4925","2022-09-14T03:00","PM2.5","30","1"
"47.6997","-117.4263","2022-09-14T03:00","PM2.5","129","3"
"33.217026","-117.396156","2022-09-14T03:00","PM2.5","53","2"
"47.2313","-117.3685","2022-09-14T03:00","PM2.5","134","3"
"47.672501","-117.364899","2022-09-14T03:00","PM2.5","140","3"
"47.808226","-117.34327","2022-09-14T03:00","PM2.5","139","3"
"33.676535","-117.331027","2022-09-14T03:00","PM2.5","26","1"
"34.510955","-117.32555","2022-09-14T03:00","PM2.5","38","1"
"45.426351","-117.296066","2022-09-14T03:00","PM2.5","66","2"
"47.827202","-117.2742","2022-09-14T03:00","PM2.5","137","3"
"47.663962","-117.25765","2022-09-14T03:00","PM2.5","131","3"
"46.7245","-117.1801","2022-09-14T03:00","PM2.5","147","3"
"32.710177","-117.142665","2022-09-14T03:00","PM2.5","47","1"
"33.583099","-117.072197","2022-09-14T03:00","PM2.5","39","1"
"46.425598","-117.059799","2022-09-14T03:00","PM2.5","171","4"
"48.181245","-117.052746","2022-09-14T03:00","PM2.5","127","3"
"46.408501","-116.991402","2022-09-14T03:00","PM2.5","168","4"
"44.261694","-116.979172","2022-09-14T03:00","PM2.5","67","2"
"44.033365","-116.9697","2022-09-14T03:00","PM2.5","63","2"
"46.728199","-116.954597","2022-09-14T03:00","PM2.5","113","3"
"32.523366","-116.952495","2022-09-14T03:00","PM2.5","51","2"
"32.789561","-116.944222","2022-09-14T03:00","PM2.5","25","1"
"32.579361","-116.929486","2022-09-14T03:00","PM2.5","47","1"
"46.921","-116.89625","2022-09-14T03:00","PM2.5","154","4"
"47.3386","-116.885902","2022-09-14T03:00","PM2.5","157","4"
"34.264706","-116.861653","2022-09-14T03:00","PM2.5","25","1"
"33.920758","-116.858419","2022-09-14T03:00","PM2.5","42","1"
"47.715385","-116.827245","2022-09-14T03:00","PM2.5","140","3"
"46.3972","-116.8062","2022-09-14T03:00","PM2.5","161","4"
"32.842297","-116.768326","2022-09-14T03:00","PM2.5","29","1"
"46.578731","-116.708958","2022-09-14T03:00","PM2.5","107","3"
"47.3167","-116.570297","2022-09-14T03:00","PM2.5","164","4"
"43.58031","-116.562676","2022-09-14T03:00","PM2.5","43","1"
"48.291821","-116.556557","2022-09-14T03:00","PM2.5","142","3"
"48.995911","-116.509953","2022-09-14T03:00","PM2.5","158","4"
"48.705551","-116.368965","2022-09-14T03:00","PM2.5","193","4"
"48.894014","-116.359419","2022-09-14T03:00","PM2.5","169","4"
"43.600699","-116.347853","2022-09-14T03:00","PM2.5","28","1"
"46.061322","-116.3467","2022-09-14T03:00","PM2.5","145","3"
"43.647888","-116.269409","2022-09-14T03:00","PM2.5","16","1"
"47.536712","-116.236867","2022-09-14T03:00","PM2.5","157","4"
"33.71969","-116.1897","2022-09-14T03:00","PM2.5","29","1"
"45.931301","-116.115196","2022-09-14T03:00","PM2.5","155","4"
"44.890197","-116.1065","2022-09-14T03:00","PM2.5","59","2"
"46.2094","-116.0275","2022-09-14T03:00","PM2.5","153","4"
"33.37911","-116.016056","2022-09-14T03:00","PM2.5","16","1"
"44.104498","-115.972386","2022-09-14T03:00","PM2.5","65","2"
"43.823017","-115.838557","2022-09-14T03:00","PM2.5","27","1"
"32.7917","-115.5617","2022-09-14T03:00","PM2.5","31","1"
"48.3841","-115.548","2022-09-14T03:00","PM2.5","182","4"
"32.978298","-115.5383","2022-09-14T03:00","PM2.5","30","1"
"32.6336","-115.5042","2022-09-14T03:00","PM2.5","34","1"
"32.67618","-115.48307","2022-09-14T03:00","PM2.5","31","1"
"32.6292","-115.4469","2022-09-14T03:00","PM2.5","16","1"
"35.785665","-115.357087","2022-09-14T03:00","PM2.5","28","1"
"36.173415","-115.332728","2022-09-14T03:00","PM2.5","23","1"
"47.594395","-115.323746","2022-09-14T03:00","PM2.5","167","4"
"36.0075","-115.263056","2022-09-14T03:00","PM2.5","28","1"
"36.169756","-115.263038","2022-09-14T03:00","PM2.5","24","1"
"36.106389","-115.253333","2022-09-14T03:00","PM2.5","30","1"
"36.270592","-115.238282","2022-09-14T03:00","PM2.5","18","1"
"36.139707","-115.175654","2022-09-14T03:00","PM2.5","25","1"
"35.987908","-115.14885","2022-09-14T03:00","PM2.5","30","1"
"36.163962","-115.11393","2022-09-14T03:00","PM2.5","19","1"
"36.214465","-115.091437","2022-09-14T03:00","PM2.5","22","1"
"36.141875","-115.078742","2022-09-14T03:00","PM2.5","17","1"
"36.048705","-115.052942","2022-09-14T03:00","PM2.5","15","1"
"35.969848","-114.835007","2022-09-14T03:00","PM2.5","13","1"
"32.690277","-114.614441","2022-09-14T03:00","PM2.5","23","1"
"42.565089","-114.494717","2022-09-14T03:00","PM2.5","60","2"
"43.682556","-114.371094","2022-09-14T03:00","PM2.5","39","1"
"47.012907","-114.224273","2022-09-14T03:00","PM2.5","179","4"
"48.363694","-114.189272","2022-09-14T03:00","PM2.5","153","4"
"46.243621","-114.158889","2022-09-14T03:00","PM2.5","207","5"
"36.815897","-114.050347","2022-09-14T03:00","PM2.5","13","1"
"46.842297","-114.020549","2022-09-14T03:00","PM2.5","191","4"
"45.181907","-113.890285","2022-09-14T03:00","PM2.5","223","5"
"42.607817","-113.786817","2022-09-14T03:00","PM2.5","68","2"
"34.243889","-113.558611","2022-09-14T03:00","PM2.5","6","1"
"47.17563","-113.476182","2022-09-14T03:00","PM2.5","96","2"
"37.179","-113.3052","2022-09-14T03:00","PM2.5","10","1"
"46.002399","-112.500893","2022-09-14T03:00","PM2.5","163","4"
"42.876701","-112.460297","2022-09-14T03:00","PM2.5","31","1"
"40.600556","-112.355","2022-09-14T03:00","PM2.5","15","1"
"33.5694","-112.1915","2022-09-14T03:00","PM2.5","2","1"
"33.483799","-112.142601","2022-09-14T03:00","PM2.5","16","1"
"33.4265","-112.1181","2022-09-14T03:00","PM2.5","36","1"
"36.060444","-112.107028","2022-09-14T03:00","PM2.5","51","2"
"33.503601","-112.095001","2022-09-14T03:00","PM2.5","9","1"
"40.807897","-112.087717","2022-09-14T03:00","PM2.5","4","1"
"33.4033","-112.0731","2022-09-14T03:00","PM2.5","8","1"
"33.560299","-112.066299","2022-09-14T03:00","PM2.5","10","1"
"43.464696","-112.046503","2022-09-14T03:00","PM2.5","42","1"
"32.884761","-112.03705","2022-09-14T03:00","PM2.5","7","1"
"40.496408","-112.036305","2022-09-14T03:00","PM2.5","9","1"
"46.6588","-112.0131","2022-09-14T03:00","PM2.5","144","3"
"33.41046","-112.002642","2022-09-14T03:00","PM2.5","23","1"
"41.302799","-111.988297","2022-09-14T03:00","PM2.5","7","1"
"46.8505","-111.987164","2022-09-14T03:00","PM2.5","97","2"
"40.7771","-111.945","2022-09-14T03:00","PM2.5","10","1"
"33.4124","-111.9347","2022-09-14T03:00","PM2.5","12","1"
"40.7955","-111.9309","2022-09-14T03:00","PM2.5","14","1"
"40.662841","-111.901796","2022-09-14T03:00","PM2.5","17","1"
"40.598056","-111.894167","2022-09-14T03:00","PM2.5","13","1"
"40.897999","-111.885498","2022-09-14T03:00","PM2.5","13","1"
"40.733501","-111.871696","2022-09-14T03:00","PM2.5","20","1"
"33.4105","-111.8651","2022-09-14T03:00","PM2.5","15","1"
"42.082222","-111.864167","2022-09-14T03:00","PM2.5","4","1"
"41.842778","-111.85194","2022-09-14T03:00","PM2.5","16","1"
"43.809486","-111.800475","2022-09-14T03:00","PM2.5","44","1"
"32.877583","-111.752222","2022-09-14T03:00","PM2.5","23","1"
"40.3414","-111.7136","2022-09-14T03:00","PM2.5","10","1"
"40.44194","-111.71341","2022-09-14T03:00","PM2.5","23","1"
"40.136398","-111.660202","2022-09-14T03:00","PM2.5","11","1"
"42.65167","-111.61472","2022-09-14T03:00","PM2.5","22","1"
"47.494318","-111.303317","2022-09-14T03:00","PM2.5","86","2"
"32.3806","-111.1272","2022-09-14T03:00","PM2.5","8","1"
"44.657014","-111.089618","2022-09-14T03:00","PM2.5","47","1"
"45.683765","-111.056282","2022-09-14T03:00","PM2.5","86","2"
"32.322573","-111.037709","2022-09-14T03:00","PM2.5","6","1"
"31.8794","-110.9964","2022-09-14T03:00","PM2.5","8","1"
"32.2953","-110.9822","2022-09-14T03:00","PM2.5","14","1"
"32.1731","-110.9797","2022-09-14T03:00","PM2.5","5","1"
"32.25","-110.9667","2022-09-14T03:00","PM2.5","24","1"
"31.291294","-110.951508","2022-09-14T03:00","PM2.5","35","1"
"31.337204","-110.936722","2022-09-14T03:00","PM2.5","23","1"
"44.373056","-110.830833","2022-09-14T03:00","PM2.5","40","1"
"43.457764","-110.797994","2022-09-14T03:00","PM2.5","40","1"
"40.2943","-110.009","2022-09-14T03:00","PM2.5","6","1"
"42.8698","-109.8708","2022-09-14T03:00","PM2.5","21","1"
"40.464722","-109.56083","2022-09-14T03:00","PM2.5","8","1"
"47.048537","-109.455315","2022-09-14T03:00","PM2.5","76","2"
"41.592591","-109.220125","2022-09-14T03:00","PM2.5","10","1"
"44.524642","-109.068507","2022-09-14T03:00","PM2.5","66","2"
"40.086941","-108.761002","2022-09-14T03:00","PM2.5","21","1"
"42.842227","-108.735562","2022-09-14T03:00","PM2.5","2","1"
"42.5275","-108.7203","2022-09-14T03:00","PM2.5","5","1"
"39.063599","-108.561096","2022-09-14T03:00","PM2.5","11","1"
"45.806357","-108.426551","2022-09-14T03:00","PM2.5","95","2"
"37.10258","-107.870219","2022-09-14T03:00","PM2.5","13","1"
"48.317507","-107.862471","2022-09-14T03:00","PM2.5","42","1"
"37.13678","-107.62863","2022-09-14T03:00","PM2.5","15","1"
"44.815142","-106.955933","2022-09-14T03:00","PM2.5","76","2"
"39.192966","-106.823183","2022-09-14T03:00","PM2.5","17","1"
"32.310332","-106.751211","2022-09-14T03:00","PM2.5","15","1"
"31.7878","-106.6828","2022-09-14T03:00","PM2.5","27","1"
"35.0186","-106.651901","2022-09-14T03:00","PM2.5","13","1"
"35.1441","-106.6044","2022-09-14T03:00","PM2.5","13","1"
"35.187801","-106.603897","2022-09-14T03:00","PM2.5","11","1"
"32.0036","-106.5992","2022-09-14T03:00","PM2.5","0","1"
"35.1353","-106.584702","2022-09-14T03:00","PM2.5","11","1"
"35.185","-106.5077","2022-09-14T03:00","PM2.5","8","1"
"31.7656","-106.455","2022-09-14T03:00","PM2.5","35","1"
"31.7467","-106.402802","2022-09-14T03:00","PM2.5","46","1"
"42.82231","-106.36501","2022-09-14T03:00","PM2.5","28","1"
"31.66752","-106.28774","2022-09-14T03:00","PM2.5","39","1"
"35.6198","-106.0797","2022-09-14T03:00","PM2.5","8","1"
"46.411444","-105.812694","2022-09-14T03:00","PM2.5","55","2"
"36.3833","-105.5833","2022-09-14T03:00","PM2.5","10","1"
"41.308825","-105.549137","2022-09-14T03:00","PM2.5","37","1"
"44.288005","-105.517022","2022-09-14T03:00","PM2.5","113","3"
"45.440295","-105.37028","2022-09-14T03:00","PM2.5","85","2"
"40.0128","-105.2667","2022-09-14T03:00","PM2.5","44","1"
"40.164585","-105.100861","2022-09-14T03:00","PM2.5","62","2"
"40.571259","-105.079765","2022-09-14T03:00","PM2.5","74","2"
"39.5339","-105.07","2022-09-14T03:00","PM2.5","25","1"
"39.732144","-105.015313","2022-09-14T03:00","PM2.5","16","1"
"39.7794","-105.00523","2022-09-14T03:00","PM2.5","26","1"
"39.785622","-104.988469","2022-09-14T03:00","PM2.5","19","1"
"39.751099","-104.987198","2022-09-14T03:00","PM2.5","22","1"
"39.7386","-104.9394","2022-09-14T03:00","PM2.5","26","1"
"39.8281","-104.93645","2022-09-14T03:00","PM2.5","19","1"
"38.848","-104.8286","2022-09-14T03:00","PM2.5","21","1"
"41.18222","-104.778336","2022-09-14T03:00","PM2.5","31","1"
"40.4147","-104.7061","2022-09-14T03:00","PM2.5","18","1"
"47.8679","-104.676864","2022-09-14T03:00","PM2.5","33","1"
"41.875556","-103.658056","2022-09-14T03:00","PM2.5","74","2"
"46.949699","-103.514397","2022-09-14T03:00","PM2.5","61","2"
"43.557613","-103.483658","2022-09-14T03:00","PM2.5","115","3"
"44.087397","-103.273777","2022-09-14T03:00","PM2.5","101","3"
"47.6011","-103.2642","2022-09-14T03:00","PM2.5","29","1"
"29.3025","-103.178101","2022-09-14T03:00","PM2.5","20","1"
"32.7267","-103.1233","2022-09-14T03:00","PM2.5","28","1"
"47.342589","-102.645997","2022-09-14T03:00","PM2.5","30","1"
"48.641899","-102.402199","2022-09-14T03:00","PM2.5","21","1"
"31.870253","-102.334756","2022-09-14T03:00","PM2.5","31","1"
"43.746944","-101.941109","2022-09-14T03:00","PM2.5","60","2"
"35.2006","-101.9083","2022-09-14T03:00","PM2.5","35","1"
"33.5853","-101.78698","2022-09-14T03:00","PM2.5","24","1"
"47.2986","-101.7669","2022-09-14T03:00","PM2.5","27","1"
"21.133894","-101.68025","2022-09-14T03:00","PM2.5","71","2"
"21.101789","-101.6347","2022-09-14T03:00","PM2.5","69","2"
"47.940861","-101.571583","2022-09-14T03:00","PM2.5","22","1"
"20.450916","-101.528686","2022-09-14T03:00","PM2.5","32","1"
"47.1858","-101.4281","2022-09-14T03:00","PM2.5","31","1"
"20.67495","-101.35595","2022-09-14T03:00","PM2.5","46","1"
"20.657939","-101.34915","2022-09-14T03:00","PM2.5","54","2"
"21.017676","-101.257517","2022-09-14T03:00","PM2.5","41","1"
"20.558153","-101.20485","2022-09-14T03:00","PM2.5","50","1"
"20.537683","-100.83994","2022-09-14T03:00","PM2.5","56","2"
"20.518317","-100.81591","2022-09-14T03:00","PM2.5","43","1"
"46.8253","-100.7681","2022-09-14T03:00","PM2.5","49","1"
"20.914813","-100.743844","2022-09-14T03:00","PM2.5","33","1"
"21.298874","-100.51557","2022-09-14T03:00","PM2.5","45","1"
"28.704607","-100.451155","2022-09-14T03:00","PM2.5","38","1"
"44.373786","-100.287269","2022-09-14T03:00","PM2.5","20","1"
"49.8422","-99.9189","2022-09-14T03:00","PM2.5","12","1"
"38.7703","-99.7636","2022-09-14T03:00","PM2.5","48","1"
"27.5994","-99.5333","2022-09-14T03:00","PM2.5","52","2"
"19.3573","-99.2628","2022-09-14T03:00","PM2.5","43","1"
"19.529","-99.2045","2022-09-14T03:00","PM2.5","47","1"
"19.4246","-99.1195","2022-09-14T03:00","PM2.5","24","1"
"19.4525","-99.086","2022-09-14T03:00","PM2.5","43","1"
"19.3044","-99.0738","2022-09-14T03:00","PM2.5","41","1"
"19.3607","-99.0738","2022-09-14T03:00","PM2.5","31","1"
"19.5329","-99.0303","2022-09-14T03:00","PM2.5","31","1"
"36.1589","-98.9353","2022-09-14T03:00","PM2.5","52","2"
"29.514999","-98.620003","2022-09-14T03:00","PM2.5","37","1"
"29.162942","-98.589126","2022-09-14T03:00","PM2.5","52","2"
"29.423933","-98.580505","2022-09-14T03:00","PM2.5","60","2"
"45.468596","-98.494061","2022-09-14T03:00","PM2.5","22","1"
"34.632999","-98.428802","2022-09-14T03:00","PM2.5","47","1"
"29.5294","-98.39139","2022-09-14T03:00","PM2.5","34","1"
"40.918333","-98.378889","2022-09-14T03:00","PM2.5","29","1"
"29.275299","-98.311699","2022-09-14T03:00","PM2.5","25","1"
"26.226226","-98.29107","2022-09-14T03:00","PM2.5","29","1"
"26.288622","-98.152066","2022-09-14T03:00","PM2.5","48","1"
"30.3542","-97.760002","2022-09-14T03:00","PM2.5","47","1"
"30.2633","-97.7131","2022-09-14T03:00","PM2.5","45","1"
"30.35386","-97.69166","2022-09-14T03:00","PM2.5","52","2"
"35.502968","-97.577674","2022-09-14T03:00","PM2.5","54","2"
"25.8925","-97.4936","2022-09-14T03:00","PM2.5","40","1"
"35.32","-97.4883","2022-09-14T03:00","PM2.5","59","2"
"34.256901","-97.474197","2022-09-14T03:00","PM2.5","49","1"
"35.612801","-97.472198","2022-09-14T03:00","PM2.5","50","1"
"27.811814","-97.4657","2022-09-14T03:00","PM2.5","50","1"
"27.8042","-97.4314","2022-09-14T03:00","PM2.5","47","1"
"31.122527","-97.431158","2022-09-14T03:00","PM2.5","44","1"
"49.9489","-97.3964","2022-09-14T03:00","PM2.5","15","1"
"37.4769","-97.3664","2022-09-14T03:00","PM2.5","43","1"
"32.7592","-97.3414","2022-09-14T03:00","PM2.5","33","1"
"32.664739","-97.337983","2022-09-14T03:00","PM2.5","45","1"
"37.7011","-97.3139","2022-09-14T03:00","PM2.5","40","1"
"27.4269","-97.2986","2022-09-14T03:00","PM2.5","50","1"
"26.0733","-97.1667","2022-09-14T03:00","PM2.5","56","2"
"44.89965","-97.128802","2022-09-14T03:00","PM2.5","30","1"
"36.697189","-97.081278","2022-09-14T03:00","PM2.5","43","1"
"31.6531","-97.0706","2022-09-14T03:00","PM2.5","58","2"
"42.789453","-96.903867","2022-09-14T03:00","PM2.5","25","1"
"46.933601","-96.854698","2022-09-14T03:00","PM2.5","43","1"
"44.348604","-96.807299","2022-09-14T03:00","PM2.5","16","1"
"43.59901","-96.78331","2022-09-14T03:00","PM2.5","23","1"
"34.776389","-96.677778","2022-09-14T03:00","PM2.5","36","1"
"40.812558","-96.675733","2022-09-14T03:00","PM2.5","27","1"
"32.0319","-96.3992","2022-09-14T03:00","PM2.5","31","1"
"30.627409","-96.362842","2022-09-14T03:00","PM2.5","46","1"
"32.565","-96.3175","2022-09-14T03:00","PM2.5","35","1"
"41.550658","-96.146622","2022-09-14T03:00","PM2.5","15","1"
"35.9525","-96.0033","2022-09-14T03:00","PM2.5","38","1"
"36.206699","-95.976402","2022-09-14T03:00","PM2.5","42","1"
"41.2474","-95.9731","2022-09-14T03:00","PM2.5","20","1"
"41.133317","-95.956078","2022-09-14T03:00","PM2.5","33","1"
"46.8511","-95.8467","2022-09-14T03:00","PM2.5","22","1"
"44.4572","-95.835","2022-09-14T03:00","PM2.5","44","1"
"34.906082","-95.794128","2022-09-14T03:00","PM2.5","36","1"
"39.0242","-95.7114","2022-09-14T03:00","PM2.5","80","2"
"29.7233","-95.6358","2022-09-14T03:00","PM2.5","27","1"
"36.918242","-95.632127","2022-09-14T03:00","PM2.5","59","2"
"37.67696","-95.47594","2022-09-14T03:00","PM2.5","45","1"
"30.3503","-95.425","2022-09-14T03:00","PM2.5","62","2"
"29.81453","-95.38769","2022-09-14T03:00","PM2.5","46","1"
"29.9011","-95.3261","2022-09-14T03:00","PM2.5","54","2"
"29.8281","-95.2842","2022-09-14T03:00","PM2.5","68","2"
"29.7339","-95.2575","2022-09-14T03:00","PM2.5","35","1"
"29.7681","-95.2206","2022-09-14T03:00","PM2.5","45","1"
"29.670025","-95.128508","2022-09-14T03:00","PM2.5","56","2"
"40.970001","-95.044998","2022-09-14T03:00","PM2.5","12","1"
"29.7708","-95.0311","2022-09-14T03:00","PM2.5","43","1"
"47.878159","-95.029172","2022-09-14T03:00","PM2.5","0","1"
"29.5831","-95.0156","2022-09-14T03:00","PM2.5","40","1"
"39.741667","-94.858333","2022-09-14T03:00","PM2.5","51","2"
"29.2631","-94.8564","2022-09-14T03:00","PM2.5","32","1"
"36.922222","-94.83889","2022-09-14T03:00","PM2.5","52","2"
"38.8386","-94.7464","2022-09-14T03:00","PM2.5","41","1"
"43.123299","-94.693298","2022-09-14T03:00","PM2.5","35","1"
"35.750599","-94.669701","2022-09-14T03:00","PM2.5","24","1"
"39.1175","-94.6356","2022-09-14T03:00","PM2.5","44","1"
"47.38443","-94.60166","2022-09-14T03:00","PM2.5","31","1"
"38.75961","-94.57983","2022-09-14T03:00","PM2.5","15","1"
"39.10465","-94.57055","2022-09-14T03:00","PM2.5","29","1"
"35.408138","-94.524414","2022-09-14T03:00","PM2.5","31","1"
"39.047911","-94.450513","2022-09-14T03:00","PM2.5","33","1"
"39.303056","-94.376389","2022-09-14T03:00","PM2.5","33","1"
"29.863952","-94.3178","2022-09-14T03:00","PM2.5","47","1"
"32.6706","-94.1681","2022-09-14T03:00","PM2.5","26","1"
"46.3944","-94.1433","2022-09-14T03:00","PM2.5","14","1"
"45.55","-94.1333","2022-09-14T03:00","PM2.5","41","1"
"36.1797","-94.1167","2022-09-14T03:00","PM2.5","41","1"
"33.435489","-94.075671","2022-09-14T03:00","PM2.5","56","2"
"37.70097","-94.03474","2022-09-14T03:00","PM2.5","11","1"
"29.9219","-93.9139","2022-09-14T03:00","PM2.5","34","1"
"30.18","-93.8731","2022-09-14T03:00","PM2.5","33","1"
"32.5364","-93.7492","2022-09-14T03:00","PM2.5","53","2"
"45.2108","-93.6686","2022-09-14T03:00","PM2.5","50","1"
"41.6031","-93.643303","2022-09-14T03:00","PM2.5","36","1"
"44.789398","-93.512497","2022-09-14T03:00","PM2.5","48","1"
"37.256069","-93.299692","2022-09-14T03:00","PM2.5","12","1"
"44.706123","-93.285803","2022-09-14T03:00","PM2.5","46","1"
"30.2625","-93.285","2022-09-14T03:00","PM2.5","48","1"
"44.9536","-93.2581","2022-09-14T03:00","PM2.5","56","2"
"44.9653","-93.2551","2022-09-14T03:00","PM2.5","60","2"
"44.7383","-93.2372","2022-09-14T03:00","PM2.5","46","1"
"45.1425","-93.2139","2022-09-14T03:00","PM2.5","50","1"
"44.9594","-93.0356","2022-09-14T03:00","PM2.5","61","2"
"47.5212","-92.5393","2022-09-14T03:00","PM2.5","15","1"
"46.713694","-92.511722","2022-09-14T03:00","PM2.5","23","1"
"43.9947","-92.4497","2022-09-14T03:00","PM2.5","67","2"
"34.6811","-92.3283","2022-09-14T03:00","PM2.5","79","2"
"42.5014","-92.315804","2022-09-14T03:00","PM2.5","56","2"
"46.8183","-92.0892","2022-09-14T03:00","PM2.5","16","1"
"30.2258","-92.042801","2022-09-14T03:00","PM2.5","33","1"
"40.693298","-92.006104","2022-09-14T03:00","PM2.5","14","1"
"41.9767","-91.6878","2022-09-14T03:00","PM2.5","54","2"
"41.658195","-91.503471","2022-09-14T03:00","PM2.5","38","1"
"47.9464","-91.4953","2022-09-14T03:00","PM2.5","18","1"
"44.761398","-91.413002","2022-09-14T03:00","PM2.5","34","1"
"43.7781","-91.225","2022-09-14T03:00","PM2.5","43","1"
"30.4622","-91.1769","2022-09-14T03:00","PM2.5","50","1"
"41.4014","-91.0684","2022-09-14T03:00","PM2.5","41","1"
"30.315","-90.8114","2022-09-14T03:00","PM2.5","53","2"
"29.7639","-90.7653","2022-09-14T03:00","PM2.5","46","1"
"33.750833","-90.734167","2022-09-14T03:00","PM2.5","45","1"
"46.6144","-90.6986","2022-09-14T03:00","PM2.5","35","1"
"42.692131","-90.696373","2022-09-14T03:00","PM2.5","30","1"
"45.2039","-90.6","2022-09-14T03:00","PM2.5","29","1"
"41.529999","-90.587502","2022-09-14T03:00","PM2.5","38","1"
"14.989397","-90.522408","2022-09-14T03:00","PM2.5","87","2"
"41.5144","-90.5172","2022-09-14T03:00","PM2.5","34","1"
"38.448581","-90.398436","2022-09-14T03:00","PM2.5","23","1"
"38.650259","-90.350463","2022-09-14T03:00","PM2.5","16","1"
"39.101439","-90.344494","2022-09-14T03:00","PM2.5","29","1"
"38.631057","-90.281144","2022-09-14T03:00","PM2.5","30","1"
"38.5425","-90.263611","2022-09-14T03:00","PM2.5","38","1"
"32.346734","-90.225762","2022-09-14T03:00","PM2.5","47","1"
"41.823101","-90.211899","2022-09-14T03:00","PM2.5","52","2"
"30.4293","-90.1997","2022-09-14T03:00","PM2.5","42","1"
"38.656449","-90.198548","2022-09-14T03:00","PM2.5","78","2"
"35.1967","-90.1911","2022-09-14T03:00","PM2.5","54","2"
"38.65643","-90.18977","2022-09-14T03:00","PM2.5","66","2"
"32.329042","-90.182659","2022-09-14T03:00","PM2.5","61","2"
"38.611893","-90.160614","2022-09-14T03:00","PM2.5","51","2"
"38.7045","-90.1397","2022-09-14T03:00","PM2.5","0","1"
"29.9933","-90.1014","2022-09-14T03:00","PM2.5","14","1"
"34.820633","-89.987782","2022-09-14T03:00","PM2.5","41","1"
"35.151588","-89.85022","2022-09-14T03:00","PM2.5","36","1"
"38.1761","-89.7883","2022-09-14T03:00","PM2.5","19","1"
"47.9721","-89.6908","2022-09-14T03:00","PM2.5","15","1"
"43.4356","-89.6803","2022-09-14T03:00","PM2.5","20","1"
"46.0481","-89.6536","2022-09-14T03:00","PM2.5","35","1"
"39.831921","-89.644164","2022-09-14T03:00","PM2.5","35","1"
"40.6978","-89.5889","2022-09-14T03:00","PM2.5","30","1"
"43.07378","-89.43595","2022-09-14T03:00","PM2.5","33","1"
"30.300917","-89.395954","2022-09-14T03:00","PM2.5","48","1"
"36.0528","-89.3819","2022-09-14T03:00","PM2.5","39","1"
"43.1008","-89.3572","2022-09-14T03:00","PM2.5","34","1"
"31.323995","-89.292219","2022-09-14T03:00","PM2.5","34","1"
"42.267002","-89.08917","2022-09-14T03:00","PM2.5","51","2"
"30.390123","-89.049746","2022-09-14T03:00","PM2.5","38","1"
"40.5169","-88.9975","2022-09-14T03:00","PM2.5","33","1"
"39.8669","-88.9256","2022-09-14T03:00","PM2.5","38","1"
"35.705338","-88.81959","2022-09-14T03:00","PM2.5","39","1"
"45.5639","-88.81","2022-09-14T03:00","PM2.5","43","1"
"38.088902","-88.625","2022-09-14T03:00","PM2.5","20","1"
"43.46611","-88.621109","2022-09-14T03:00","PM2.5","31","1"
"37.0581","-88.5725","2022-09-14T03:00","PM2.5","54","2"
"30.378054","-88.533876","2022-09-14T03:00","PM2.5","35","1"
"44.3069","-88.3956","2022-09-14T03:00","PM2.5","45","1"
"40.052241","-88.372549","2022-09-14T03:00","PM2.5","21","1"
"32.36253","-88.27792","2022-09-14T03:00","PM2.5","19","1"
"42.2211","-88.2411","2022-09-14T03:00","PM2.5","36","1"
"43.0203","-88.215","2022-09-14T03:00","PM2.5","48","1"
"41.2222","-88.1906","2022-09-14T03:00","PM2.5","25","1"
"41.7714","-88.1522","2022-09-14T03:00","PM2.5","28","1"
"41.526885","-88.116474","2022-09-14T03:00","PM2.5","28","1"
"30.7697","-88.0875","2022-09-14T03:00","PM2.5","22","1"
"44.5167","-87.9939","2022-09-14T03:00","PM2.5","40","1"
"42.93257","-87.93434","2022-09-14T03:00","PM2.5","45","1"
"43.0178","-87.9333","2022-09-14T03:00","PM2.5","51","2"
"42.0603","-87.8631","2022-09-14T03:00","PM2.5","42","1"
"42.5047","-87.8111","2022-09-14T03:00","PM2.5","24","1"
"43.4981","-87.81","2022-09-14T03:00","PM2.5","33","1"
"42.1406","-87.7994","2022-09-14T03:00","PM2.5","35","1"
"41.864329","-87.748826","2022-09-14T03:00","PM2.5","53","2"
"41.6708","-87.7325","2022-09-14T03:00","PM2.5","51","2"
"41.9136","-87.7239","2022-09-14T03:00","PM2.5","55","2"
"41.7547","-87.7136","2022-09-14T03:00","PM2.5","38","1"
"38.0133","-87.5772","2022-09-14T03:00","PM2.5","35","1"
"41.578603","-87.557392","2022-09-14T03:00","PM2.5","54","2"
"41.594427","-87.495044","2022-09-14T03:00","PM2.5","42","1"
"41.653446","-87.435435","2022-09-14T03:00","PM2.5","43","1"
"35.116866","-87.419726","2022-09-14T03:00","PM2.5","7","1"
"39.4861","-87.4014","2022-09-14T03:00","PM2.5","60","2"
"36.611411","-87.384666","2022-09-14T03:00","PM2.5","18","1"
"36.911667","-87.323608","2022-09-14T03:00","PM2.5","43","1"
"41.6067","-87.3047","2022-09-14T03:00","PM2.5","31","1"
"30.525","-87.204399","2022-09-14T03:00","PM2.5","38","1"
"41.6175","-87.1992","2022-09-14T03:00","PM2.5","31","1"
"37.7808","-87.0756","2022-09-14T03:00","PM2.5","31","1"
"35.65188","-87.0096","2022-09-14T03:00","PM2.5","6","1"
"30.3942","-87.0081","2022-09-14T03:00","PM2.5","34","1"
"33.3311","-87.0036","2022-09-14T03:00","PM2.5","45","1"
"34.5286","-86.9706","2022-09-14T03:00","PM2.5","39","1"
"33.8017","-86.9425","2022-09-14T03:00","PM2.5","39","1"
"33.4997","-86.9242","2022-09-14T03:00","PM2.5","91","2"
"40.4316","-86.8525","2022-09-14T03:00","PM2.5","20","1"
"33.5531","-86.815","2022-09-14T03:00","PM2.5","52","2"
"33.565278","-86.796389","2022-09-14T03:00","PM2.5","55","2"
"36.2975","-86.6525","2022-09-14T03:00","PM2.5","21","1"
"34.6917","-86.591698","2022-09-14T03:00","PM2.5","52","2"
"33.5453","-86.5492","2022-09-14T03:00","PM2.5","35","1"
"39.159372","-86.504747","2022-09-14T03:00","PM2.5","28","1"
"32.412811","-86.263394","2022-09-14T03:00","PM2.5","42","1"
"37.04926","-86.21487","2022-09-14T03:00","PM2.5","18","1"
"39.7889","-86.2147","2022-09-14T03:00","PM2.5","58","2"
"41.6967","-86.2147","2022-09-14T03:00","PM2.5","35","1"
"42.767799","-86.148598","2022-09-14T03:00","PM2.5","13","1"
"39.787933","-86.13088","2022-09-14T03:00","PM2.5","48","1"
"39.8108","-86.1147","2022-09-14T03:00","PM2.5","73","2"
"40.481349","-86.109718","2022-09-14T03:00","PM2.5","30","1"
"33.991341","-85.992653","2022-09-14T03:00","PM2.5","22","1"
"46.2889","-85.9503","2022-09-14T03:00","PM2.5","32","1"
"38.0608","-85.8961","2022-09-14T03:00","PM2.5","33","1"
"39.237457","-85.891332","2022-09-14T03:00","PM2.5","30","1"
"42.894402","-85.852798","2022-09-14T03:00","PM2.5","27","1"
"37.7064","-85.8517","2022-09-14T03:00","PM2.5","25","1"
"38.23158","-85.82675","2022-09-14T03:00","PM2.5","20","1"
"38.288191","-85.741337","2022-09-14T03:00","PM2.5","33","1"
"30.128901","-85.738098","2022-09-14T03:00","PM2.5","21","1"
"38.1935","-85.7121","2022-09-14T03:00","PM2.5","24","1"
"42.984699","-85.671097","2022-09-14T03:00","PM2.5","29","1"
"38.2286","-85.6544","2022-09-14T03:00","PM2.5","25","1"
"40.125557","-85.652222","2022-09-14T03:00","PM2.5","27","1"
"41.169722","-85.629444","2022-09-14T03:00","PM2.5","24","1"
"30.8475","-85.6044","2022-09-14T03:00","PM2.5","43","1"
"38.1825","-85.5744","2022-09-14T03:00","PM2.5","28","1"
"42.2781","-85.5419","2022-09-14T03:00","PM2.5","33","1"
"36.1857","-85.4921","2022-09-14T03:00","PM2.5","28","1"
"34.9784","-85.2943","2022-09-14T03:00","PM2.5","51","2"
"35.0508","-85.2931","2022-09-14T03:00","PM2.5","34","1"
"32.437028","-84.999653","2022-09-14T03:00","PM2.5","18","1"
"32.5214","-84.9436","2022-09-14T03:00","PM2.5","31","1"
"44.3106","-84.891899","2022-09-14T03:00","PM2.5","40","1"
"39.83562","-84.72049","2022-09-14T03:00","PM2.5","26","1"
"39.21494","-84.69086","2022-09-14T03:00","PM2.5","27","1"
"37.097801","-84.611702","2022-09-14T03:00","PM2.5","27","1"
"35.4511","-84.5992","2022-09-14T03:00","PM2.5","20","1"
"42.76138","-84.562867","2022-09-14T03:00","PM2.5","26","1"
"39.10492","-84.55117","2022-09-14T03:00","PM2.5","25","1"
"35.9386","-84.5439","2022-09-14T03:00","PM2.5","15","1"
"39.146025","-84.538375","2022-09-14T03:00","PM2.5","25","1"
"39.12886","-84.50404","2022-09-14T03:00","PM2.5","24","1"
"38.065","-84.5","2022-09-14T03:00","PM2.5","18","1"
"39.194331","-84.478974","2022-09-14T03:00","PM2.5","23","1"
"39.0217","-84.4744","2022-09-14T03:00","PM2.5","21","1"
"33.778315","-84.391418","2022-09-14T03:00","PM2.5","21","1"
"39.2787","-84.36612","2022-09-14T03:00","PM2.5","41","1"
"33.7206","-84.3578","2022-09-14T03:00","PM2.5","52","2"
"30.4397","-84.3483","2022-09-14T03:00","PM2.5","43","1"
"35.7197","-84.3417","2022-09-14T03:00","PM2.5","6","1"
"46.5331","-84.3094","2022-09-14T03:00","PM2.5","8","1"
"33.6906","-84.2731","2022-09-14T03:00","PM2.5","45","1"
"39.42689","-84.20077","2022-09-14T03:00","PM2.5","15","1"
"39.758235","-84.197375","2022-09-14T03:00","PM2.5","23","1"
"30.0842","-84.1617","2022-09-14T03:00","PM2.5","24","1"
"33.4347","-84.1617","2022-09-14T03:00","PM2.5","32","1"
"39.0828","-84.1441","2022-09-14T03:00","PM2.5","6","1"
"31.5767","-84.1002","2022-09-14T03:00","PM2.5","35","1"
"33.9636","-84.0664","2022-09-14T03:00","PM2.5","27","1"
"40.771","-84.0539","2022-09-14T03:00","PM2.5","2","1"
"35.97773","-83.9504","2022-09-14T03:00","PM2.5","33","1"
"41.995602","-83.946701","2022-09-14T03:00","PM2.5","37","1"
"35.7683","-83.9422","2022-09-14T03:00","PM2.5","26","1"
"35.63346","-83.94158","2022-09-14T03:00","PM2.5","28","1"
"35.9803","-83.9306","2022-09-14T03:00","PM2.5","30","1"
"43.5714","-83.8908","2022-09-14T03:00","PM2.5","21","1"
"36.0183","-83.8761","2022-09-14T03:00","PM2.5","25","1"
"34.3003","-83.8139","2022-09-14T03:00","PM2.5","25","1"
"39.92882","-83.80949","2022-09-14T03:00","PM2.5","30","1"
"36.6081","-83.7369","2022-09-14T03:00","PM2.5","20","1"
"43.0289","-83.669403","2022-09-14T03:00","PM2.5","25","1"
"42.24","-83.5997","2022-09-14T03:00","PM2.5","30","1"
"32.6056","-83.5979","2022-09-14T03:00","PM2.5","40","1"
"41.644067","-83.54625","2022-09-14T03:00","PM2.5","38","1"
"32.8031","-83.5447","2022-09-14T03:00","PM2.5","29","1"
"35.434767","-83.442133","2022-09-14T03:00","PM2.5","13","1"
"33.925","-83.3575","2022-09-14T03:00","PM2.5","28","1"
"30.8486","-83.2933","2022-09-14T03:00","PM2.5","48","1"
"42.38599","-83.266319","2022-09-14T03:00","PM2.5","27","1"
"37.2831","-83.2203","2022-09-14T03:00","PM2.5","33","1"
"42.2283","-83.2092","2022-09-14T03:00","PM2.5","30","1"
"42.261669","-83.157893","2022-09-14T03:00","PM2.5","35","1"
"42.3075","-83.15","2022-09-14T03:00","PM2.5","51","2"
"42.295824","-83.129431","2022-09-14T03:00","PM2.5","42","1"
"42.3042","-83.1072","2022-09-14T03:00","PM2.5","34","1"
"42.312158","-83.091943","2022-09-14T03:00","PM2.5","36","1"
"40.11109","-83.065376","2022-09-14T03:00","PM2.5","52","2"
"42.3144","-83.0433","2022-09-14T03:00","PM2.5","12","1"
"38.2383","-82.9883","2022-09-14T03:00","PM2.5","18","1"
"40.0845","-82.81552","2022-09-14T03:00","PM2.5","12","1"
"32.9672","-82.807","2022-09-14T03:00","PM2.5","54","2"
"42.7314","-82.7936","2022-09-14T03:00","PM2.5","28","1"
"27.7858","-82.74","2022-09-14T03:00","PM2.5","15","1"
"27.9711","-82.7361","2022-09-14T03:00","PM2.5","15","1"
"28.0903","-82.7008","2022-09-14T03:00","PM2.5","21","1"
"38.508114","-82.659301","2022-09-14T03:00","PM2.5","30","1"
"28.958372","-82.643094","2022-09-14T03:00","PM2.5","22","1"
"38.4592","-82.6339","2022-09-14T03:00","PM2.5","26","1"
"30.1783","-82.6192","2022-09-14T03:00","PM2.5","64","2"
"35.6062","-82.5844","2022-09-14T03:00","PM2.5","15","1"
"37.4828","-82.5353","2022-09-14T03:00","PM2.5","27","1"
"36.5408","-82.5217","2022-09-14T03:00","PM2.5","10","1"
"27.2906","-82.5072","2022-09-14T03:00","PM2.5","15","1"
"42.9533","-82.4564","2022-09-14T03:00","PM2.5","29","1"
"27.779712","-82.419835","2022-09-14T03:00","PM2.5","26","1"
"34.843899","-82.414597","2022-09-14T03:00","PM2.5","45","1"
"42.990263","-82.395341","2022-09-14T03:00","PM2.5","11","1"
"27.0892","-82.3625","2022-09-14T03:00","PM2.5","22","1"
"29.56615","-82.266066","2022-09-14T03:00","PM2.5","28","1"
"27.9659","-82.230617","2022-09-14T03:00","PM2.5","40","1"
"42.4033","-82.2086","2022-09-14T03:00","PM2.5","33","1"
"29.170799","-82.1008","2022-09-14T03:00","PM2.5","22","1"
"35.912487","-82.062082","2022-09-14T03:00","PM2.5","18","1"
"33.4333","-82.0219","2022-09-14T03:00","PM2.5","37","1"
"28.0294","-81.9719","2022-09-14T03:00","PM2.5","15","1"
"34.955601","-81.924797","2022-09-14T03:00","PM2.5","35","1"
"41.0604","-81.9239","2022-09-14T03:00","PM2.5","14","1"
"26.6028","-81.8789","2022-09-14T03:00","PM2.5","16","1"
"33.7397","-81.8536","2022-09-14T03:00","PM2.5","26","1"
"43.3306","-81.7425","2022-09-14T03:00","PM2.5","13","1"
"26.2992","-81.72","2022-09-14T03:00","PM2.5","21","1"
"41.477011","-81.682383","2022-09-14T03:00","PM2.5","25","1"
"30.356111","-81.635556","2022-09-14T03:00","PM2.5","48","1"
"30.1358","-81.6339","2022-09-14T03:00","PM2.5","34","1"
"38.346258","-81.621161","2022-09-14T03:00","PM2.5","33","1"
"30.262808","-81.606834","2022-09-14T03:00","PM2.5","35","1"
"30.4758","-81.5869","2022-09-14T03:00","PM2.5","45","1"
"44.2994","-81.5753","2022-09-14T03:00","PM2.5","10","1"
"31.1694","-81.4964","2022-09-14T03:00","PM2.5","43","1"
"41.063526","-81.468956","2022-09-14T03:00","PM2.5","26","1"
"30.2603","-81.4533","2022-09-14T03:00","PM2.5","24","1"
"40.800717","-81.373","2022-09-14T03:00","PM2.5","28","1"
"35.728889","-81.365556","2022-09-14T03:00","PM2.5","23","1"
"28.5997","-81.3628","2022-09-14T03:00","PM2.5","13","1"
"28.7456","-81.31","2022-09-14T03:00","PM2.5","23","1"
"41.726811","-81.242156","2022-09-14T03:00","PM2.5","23","1"
"42.974461","-81.200858","2022-09-14T03:00","PM2.5","16","1"
"42.6725","-81.1647","2022-09-14T03:00","PM2.5","13","1"
"34.051102","-81.154999","2022-09-14T03:00","PM2.5","20","1"
"32.0903","-81.1306","2022-09-14T03:00","PM2.5","51","2"
"29.2069","-81.0531","2022-09-14T03:00","PM2.5","29","1"
"46.491941","-81.003105","2022-09-14T03:00","PM2.5","18","1"
"34.093899","-80.962196","2022-09-14T03:00","PM2.5","28","1"
"35.213171","-80.874084","2022-09-14T03:00","PM2.5","0","1"
"35.281791","-80.851473","2022-09-14T03:00","PM2.5","34","1"
"41.23172","-80.80116","2022-09-14T03:00","PM2.5","20","1"
"35.2411","-80.7831","2022-09-14T03:00","PM2.5","41","1"
"39.9158","-80.7342","2022-09-14T03:00","PM2.5","17","1"
"25.686944","-80.686944","2022-09-14T03:00","PM2.5","3","1"
"26.724167","-80.663055","2022-09-14T03:00","PM2.5","19","1"
"41.106182","-80.640576","2022-09-14T03:00","PM2.5","25","1"
"28.0542","-80.6283","2022-09-14T03:00","PM2.5","22","1"
"40.366452","-80.615691","2022-09-14T03:00","PM2.5","18","1"
"43.4419","-80.5044","2022-09-14T03:00","PM2.5","9","1"
"41.215","-80.485","2022-09-14T03:00","PM2.5","28","1"
"25.4719","-80.4828","2022-09-14T03:00","PM2.5","12","1"
"40.4447","-80.42","2022-09-14T03:00","PM2.5","15","1"
"35.551868","-80.395039","2022-09-14T03:00","PM2.5","21","1"
"36.0261","-80.3419","2022-09-14T03:00","PM2.5","25","1"
"26.0732","-80.3386","2022-09-14T03:00","PM2.5","13","1"
"40.747799","-80.316704","2022-09-14T03:00","PM2.5","16","1"
"43.1403","-80.2961","2022-09-14T03:00","PM2.5","19","1"
"39.82","-80.2897","2022-09-14T03:00","PM2.5","13","1"
"35.8145","-80.2627","2022-09-14T03:00","PM2.5","35","1"
"26.054047","-80.257608","2022-09-14T03:00","PM2.5","14","1"
"40.269","-80.244","2022-09-14T03:00","PM2.5","18","1"
"27.172459","-80.240692","2022-09-14T03:00","PM2.5","24","1"
"36.1106","-80.2267","2022-09-14T03:00","PM2.5","27","1"
"25.7947","-80.2156","2022-09-14T03:00","PM2.5","17","1"
"34.615299","-80.198898","2022-09-14T03:00","PM2.5","29","1"
"26.29405","-80.17634","2022-09-14T03:00","PM2.5","18","1"
"26.131256","-80.167847","2022-09-14T03:00","PM2.5","18","1"
"26.2906","-80.0969","2022-09-14T03:00","PM2.5","15","1"
"26.456944","-80.092778","2022-09-14T03:00","PM2.5","15","1"
"45.3378","-80.0378","2022-09-14T03:00","PM2.5","8","1"
"42.1428","-80.0372","2022-09-14T03:00","PM2.5","18","1"
"40.4656","-79.9611","2022-09-14T03:00","PM2.5","14","1"
"32.84","-79.96","2022-09-14T03:00","PM2.5","46","1"
"40.1469","-79.9033","2022-09-14T03:00","PM2.5","15","1"
"37.28342","-79.88452","2022-09-14T03:00","PM2.5","23","1"
"40.323898","-79.868301","2022-09-14T03:00","PM2.5","18","1"
"40.437431","-79.863572","2022-09-14T03:00","PM2.5","15","1"
"35.263165","-79.836636","2022-09-14T03:00","PM2.5","16","1"
"39.917663","-79.805499","2022-09-14T03:00","PM2.5","16","1"
"36.109006","-79.802314","2022-09-14T03:00","PM2.5","24","1"
"34.2143","-79.7673","2022-09-14T03:00","PM2.5","46","1"
"44.382361","-79.702306","2022-09-14T03:00","PM2.5","12","1"
"32.941002","-79.656998","2022-09-14T03:00","PM2.5","35","1"
"40.8142","-79.565","2022-09-14T03:00","PM2.5","16","1"
"40.3053","-79.5061","2022-09-14T03:00","PM2.5","15","1"
"46.3175","-79.4453","2022-09-14T03:00","PM2.5","13","1"
"43.64543","-79.38908","2022-09-14T03:00","PM2.5","33","1"
"43.1583","-79.235","2022-09-14T03:00","PM2.5","4","1"
"46.72139","-79.0997","2022-09-14T03:00","PM2.5","39","1"
"39.705799","-79.011902","2022-09-14T03:00","PM2.5","20","1"
"48.2344","-78.9833","2022-09-14T03:00","PM2.5","28","1"
"35.041416","-78.953112","2022-09-14T03:00","PM2.5","27","1"
"45.2211","-78.9314","2022-09-14T03:00","PM2.5","8","1"
"40.5633","-78.92","2022-09-14T03:00","PM2.5","18","1"
"40.3097","-78.9158","2022-09-14T03:00","PM2.5","19","1"
"36.032955","-78.904037","2022-09-14T03:00","PM2.5","37","1"
"42.9981","-78.8993","2022-09-14T03:00","PM2.5","19","1"
"35.889402","-78.8747","2022-09-14T03:00","PM2.5","32","1"
"35.8652","-78.8197","2022-09-14T03:00","PM2.5","17","1"
"42.8781","-78.8094","2022-09-14T03:00","PM2.5","18","1"
"42.92111","-78.76611","2022-09-14T03:00","PM2.5","26","1"
"35.856111","-78.574167","2022-09-14T03:00","PM2.5","35","1"
"38.07657","-78.50397","2022-09-14T03:00","PM2.5","31","1"
"35.59095","-78.4622","2022-09-14T03:00","PM2.5","8","1"
"38.5231","-78.4347","2022-09-14T03:00","PM2.5","18","1"
"40.515","-78.3889","2022-09-14T03:00","PM2.5","20","1"
"44.3","-78.35","2022-09-14T03:00","PM2.5","7","1"
"39.28102","-78.08157","2022-09-14T03:00","PM2.5","23","1"
"40.8114","-77.8769","2022-09-14T03:00","PM2.5","23","1"
"34.364167","-77.838611","2022-09-14T03:00","PM2.5","34","1"
"53.69218","-77.74102","2022-09-14T03:00","PM2.5","4","1"
"39.565601","-77.721901","2022-09-14T03:00","PM2.5","21","1"
"36.511708","-77.655389","2022-09-14T03:00","PM2.5","8","1"
"35.988278","-77.5843","2022-09-14T03:00","PM2.5","0","1"
"43.145021","-77.557608","2022-09-14T03:00","PM2.5","18","1"
"43.1461","-77.5481","2022-09-14T03:00","PM2.5","17","1"
"37.59088","-77.46925","2022-09-14T03:00","PM2.5","29","1"
"37.55652","-77.40027","2022-09-14T03:00","PM2.5","28","1"
"44.1503","-77.3956","2022-09-14T03:00","PM2.5","10","1"
"35.641276","-77.360126","2022-09-14T03:00","PM2.5","24","1"
"39.9233","-77.3081","2022-09-14T03:00","PM2.5","26","1"
"41.266192","-77.230933","2022-09-14T03:00","PM2.5","31","1"
"48.4325","-77.1997","2022-09-14T03:00","PM2.5","31","1"
"40.2464","-77.1867","2022-09-14T03:00","PM2.5","23","1"
"39.114399","-77.106903","2022-09-14T03:00","PM2.5","20","1"
"38.77335","-77.10468","2022-09-14T03:00","PM2.5","25","1"
"38.921848","-77.013176","2022-09-14T03:00","PM2.5","16","1"
"38.875161","-77.012816","2022-09-14T03:00","PM2.5","23","1"
"38.895683","-76.958089","2022-09-14T03:00","PM2.5","16","1"
"38.894749","-76.953427","2022-09-14T03:00","PM2.5","18","1"
"41.6447","-76.9392","2022-09-14T03:00","PM2.5","19","1"
"39.055302","-76.878304","2022-09-14T03:00","PM2.5","28","1"
"40.246992","-76.846988","2022-09-14T03:00","PM2.5","29","1"
"39.143197","-76.846192","2022-09-14T03:00","PM2.5","31","1"
"39.9653","-76.6994","2022-09-14T03:00","PM2.5","28","1"
"39.462002","-76.631599","2022-09-14T03:00","PM2.5","25","1"
"39.33746","-76.58905","2022-09-14T03:00","PM2.5","14","1"
"44.219867","-76.521128","2022-09-14T03:00","PM2.5","13","1"
"41.705226","-76.512726","2022-09-14T03:00","PM2.5","24","1"
"40.338516","-76.394788","2022-09-14T03:00","PM2.5","25","1"
"37.10373","-76.38702","2022-09-14T03:00","PM2.5","29","1"
"39.41","-76.2967","2022-09-14T03:00","PM2.5","28","1"
"40.0467","-76.2833","2022-09-14T03:00","PM2.5","28","1"
"38.5876","-76.1408","2022-09-14T03:00","PM2.5","53","2"
"40.0439","-76.1125","2022-09-14T03:00","PM2.5","48","1"
"45.6222","-76.0178","2022-09-14T03:00","PM2.5","25","1"
"40.3833","-75.9686","2022-09-14T03:00","PM2.5","27","1"
"41.605244","-75.95774","2022-09-14T03:00","PM2.5","19","1"
"39.701099","-75.860001","2022-09-14T03:00","PM2.5","27","1"
"39.305199","-75.797203","2022-09-14T03:00","PM2.5","28","1"
"39.8344","-75.7678","2022-09-14T03:00","PM2.5","28","1"
"39.5513","-75.732","2022-09-14T03:00","PM2.5","24","1"
"45.4369","-75.7261","2022-09-14T03:00","PM2.5","20","1"
"38.176541","-75.701489","2022-09-14T03:00","PM2.5","43","1"
"41.867336","-75.686602","2022-09-14T03:00","PM2.5","20","1"
"45.4322","-75.6764","2022-09-14T03:00","PM2.5","10","1"
"41.4428","-75.6231","2022-09-14T03:00","PM2.5","23","1"
"39.57768","-75.6036","2022-09-14T03:00","PM2.5","24","1"
"39.739444","-75.558056","2022-09-14T03:00","PM2.5","29","1"
"38.986672","-75.5568","2022-09-14T03:00","PM2.5","30","1"
"38.013875","-75.545666","2022-09-14T03:00","PM2.5","36","1"
"40.6119","-75.4325","2022-09-14T03:00","PM2.5","25","1"
"46.7686","-75.4319","2022-09-14T03:00","PM2.5","21","1"
"39.818715","-75.413973","2022-09-14T03:00","PM2.5","29","1"
"39.8356","-75.3725","2022-09-14T03:00","PM2.5","43","1"
"40.6281","-75.3411","2022-09-14T03:00","PM2.5","31","1"
"40.1122","-75.3092","2022-09-14T03:00","PM2.5","28","1"
"39.922516","-75.186783","2022-09-14T03:00","PM2.5","26","1"
"39.9603","-75.1424","2022-09-14T03:00","PM2.5","25","1"
"39.934446","-75.125291","2022-09-14T03:00","PM2.5","56","2"
"39.991389","-75.080833","2022-09-14T03:00","PM2.5","29","1"
"40.924606","-75.067825","2022-09-14T03:00","PM2.5","38","1"
"39.422272","-75.0252","2022-09-14T03:00","PM2.5","10","1"
"40.054171","-74.985166","2022-09-14T03:00","PM2.5","30","1"
"40.515251","-74.806755","2022-09-14T03:00","PM2.5","14","1"
"40.222421","-74.763167","2022-09-14T03:00","PM2.5","32","1"
"40.283092","-74.742645","2022-09-14T03:00","PM2.5","54","2"
"45.0294","-74.7394","2022-09-14T03:00","PM2.5","9","1"
"46.035","-74.4819","2022-09-14T03:00","PM2.5","24","1"
"39.46487","-74.448738","2022-09-14T03:00","PM2.5","18","1"
"40.462181","-74.429436","2022-09-14T03:00","PM2.5","38","1"
"45.1167","-74.2833","2022-09-14T03:00","PM2.5","25","1"
"40.603943","-74.276176","2022-09-14T03:00","PM2.5","23","1"
"40.641441","-74.208366","2022-09-14T03:00","PM2.5","32","1"
"40.5802","-74.1994","2022-09-14T03:00","PM2.5","23","1"
"40.720989","-74.192894","2022-09-14T03:00","PM2.5","47","1"
"40.725452","-74.052292","2022-09-14T03:00","PM2.5","23","1"
"41.182079","-74.028191","2022-09-14T03:00","PM2.5","18","1"
"40.641819","-74.018707","2022-09-14T03:00","PM2.5","25","1"
"41.4994","-74.0097","2022-09-14T03:00","PM2.5","19","1"
"40.85355","-73.9661","2022-09-14T03:00","PM2.5","20","1"
"40.8197","-73.9481","2022-09-14T03:00","PM2.5","19","1"
"40.8492","-73.9319","2022-09-14T03:00","PM2.5","20","1"
"45.426509","-73.928944","2022-09-14T03:00","PM2.5","8","1"
"40.8367","-73.9214","2022-09-14T03:00","PM2.5","15","1"
"40.816101","-73.902199","2022-09-14T03:00","PM2.5","26","1"
"40.7269","-73.8933","2022-09-14T03:00","PM2.5","18","1"
"40.7375","-73.8244","2022-09-14T03:00","PM2.5","29","1"
"40.739264","-73.817694","2022-09-14T03:00","PM2.5","14","1"
"41.0522","-73.7642","2022-09-14T03:00","PM2.5","11","1"
"42.6425","-73.7547","2022-09-14T03:00","PM2.5","19","1"
"45.5472","-73.7472","2022-09-14T03:00","PM2.5","21","1"
"45.468297","-73.741185","2022-09-14T03:00","PM2.5","13","1"
"45.502648","-73.663913","2022-09-14T03:00","PM2.5","15","1"
"45.70476","-73.65776","2022-09-14T03:00","PM2.5","21","1"
"45.593325","-73.637328","2022-09-14T03:00","PM2.5","18","1"
"40.7447","-73.5869","2022-09-14T03:00","PM2.5","19","1"
"45.464611","-73.582583","2022-09-14T03:00","PM2.5","25","1"
"45.651722","-73.573896","2022-09-14T03:00","PM2.5","13","1"
"45.542767","-73.572039","2022-09-14T03:00","PM2.5","14","1"
"45.512189","-73.566872","2022-09-14T03:00","PM2.5","23","1"
"45.539928","-73.540388","2022-09-14T03:00","PM2.5","23","1"
"45.641026","-73.499682","2022-09-14T03:00","PM2.5","16","1"
"45.5231","-73.4939","2022-09-14T03:00","PM2.5","23","1"
"45.44866","-73.468631","2022-09-14T03:00","PM2.5","22","1"
"45.4431","-73.4686","2022-09-14T03:00","PM2.5","23","1"
"41.4014","-73.4447","2022-09-14T03:00","PM2.5","25","1"
"45.29417","-73.3489","2022-09-14T03:00","PM2.5","25","1"
"41.833099","-73.303299","2022-09-14T03:00","PM2.5","18","1"
"42.887501","-73.249702","2022-09-14T03:00","PM2.5","18","1"
"42.453035","-73.238776","2022-09-14T03:00","PM2.5","18","1"
"44.476101","-73.210297","2022-09-14T03:00","PM2.5","23","1"
"41.171398","-73.195297","2022-09-14T03:00","PM2.5","29","1"
"42.702223","-73.110414","2022-09-14T03:00","PM2.5","8","1"
"40.8278","-73.0575","2022-09-14T03:00","PM2.5","2","1"
"41.5503","-73.0442","2022-09-14T03:00","PM2.5","25","1"
"43.608528","-72.98246","2022-09-14T03:00","PM2.5","14","1"
"41.301288","-72.902685","2022-09-14T03:00","PM2.5","28","1"
"46.4425","-72.8928","2022-09-14T03:00","PM2.5","22","1"
"44.528389","-72.868973","2022-09-14T03:00","PM2.5","17","1"
"48.8183","-72.7428","2022-09-14T03:00","PM2.5","36","1"
"46.5544","-72.7361","2022-09-14T03:00","PM2.5","16","1"
"45.41864","-72.73067","2022-09-14T03:00","PM2.5","25","1"
"41.771444","-72.679923","2022-09-14T03:00","PM2.5","18","1"
"46.0419","-72.66","2022-09-14T03:00","PM2.5","28","1"
"41.7847","-72.6297","2022-09-14T03:00","PM2.5","18","1"
"42.605816","-72.596689","2022-09-14T03:00","PM2.5","15","1"
"42.194401","-72.555603","2022-09-14T03:00","PM2.5","15","1"
"46.357175","-72.546187","2022-09-14T03:00","PM2.5","29","1"
"46.362425","-72.510042","2022-09-14T03:00","PM2.5","30","1"
"45.8713","-72.50318","2022-09-14T03:00","PM2.5","24","1"
"46.35","-72.4333","2022-09-14T03:00","PM2.5","13","1"
"43.629605","-72.309499","2022-09-14T03:00","PM2.5","12","1"
"42.930521","-72.272332","2022-09-14T03:00","PM2.5","7","1"
"41.3536","-72.0789","2022-09-14T03:00","PM2.5","31","1"
"46.6822","-71.9678","2022-09-14T03:00","PM2.5","32","1"
"45.9075","-71.9492","2022-09-14T03:00","PM2.5","25","1"
"42.86183","-71.878626","2022-09-14T03:00","PM2.5","4","1"
"42.263901","-71.794701","2022-09-14T03:00","PM2.5","1","1"
"41.615","-71.7197","2022-09-14T03:00","PM2.5","25","1"
"43.566122","-71.496335","2022-09-14T03:00","PM2.5","8","1"
"41.807523","-71.41392","2022-09-14T03:00","PM2.5","19","1"
"42.862531","-71.38014","2022-09-14T03:00","PM2.5","15","1"
"46.77417","-71.36972","2022-09-14T03:00","PM2.5","52","2"
"41.840302","-71.361702","2022-09-14T03:00","PM2.5","13","1"
"42.612113","-71.307519","2022-09-14T03:00","PM2.5","19","1"
"46.8615","-71.2572","2022-09-14T03:00","PM2.5","48","1"
"45.3733","-71.2514","2022-09-14T03:00","PM2.5","26","1"
"46.7969","-71.2461","2022-09-14T03:00","PM2.5","52","2"
"46.8214","-71.2208","2022-09-14T03:00","PM2.5","41","1"
"41.6833","-71.169701","2022-09-14T03:00","PM2.5","27","1"
"46.80238","-71.16834","2022-09-14T03:00","PM2.5","63","2"
"42.7708","-71.1028","2022-09-14T03:00","PM2.5","16","1"
"42.3489","-71.097702","2022-09-14T03:00","PM2.5","21","1"
"42.329399","-71.082497","2022-09-14T03:00","PM2.5","18","1"
"42.325197","-71.056056","2022-09-14T03:00","PM2.5","18","1"
"48.4153","-71.0528","2022-09-14T03:00","PM2.5","45","1"
"42.065119","-71.012686","2022-09-14T03:00","PM2.5","33","1"
"42.474701","-70.971901","2022-09-14T03:00","PM2.5","16","1"
"42.241229","-70.963346","2022-09-14T03:00","PM2.5","22","1"
"45.8156","-70.8597","2022-09-14T03:00","PM2.5","33","1"
"43.075371","-70.748017","2022-09-14T03:00","PM2.5","21","1"
"44.5514","-70.5463","2022-09-14T03:00","PM2.5","4","1"
"43.660248","-70.268967","2022-09-14T03:00","PM2.5","5","1"
"44.089355","-70.214134","2022-09-14T03:00","PM2.5","0","1"
"44.817398","-68.772762","2022-09-14T03:00","PM2.5","7","1"
"47.73333","-68.7072","2022-09-14T03:00","PM2.5","45","1"
"47.3553","-68.3211","2022-09-14T03:00","PM2.5","31","1"
"44.377048","-68.260902","2022-09-14T03:00","PM2.5","7","1"
"46.6964","-68.033096","2022-09-14T03:00","PM2.5","22","1"
"46.682299","-68.016195","2022-09-14T03:00","PM2.5","22","1"
"18.214167","-67.144167","2022-09-14T03:00","PM2.5","40","1"
"44.963459","-67.060476","2022-09-14T03:00","PM2.5","0","1"
"52.94548","-66.910245","2022-09-14T03:00","PM2.5","25","1"
"18.428388","-66.141657","2022-09-14T03:00","PM2.5","33","1"
"45.07254","-64.84025","2022-09-14T03:00","PM2.5","22","1"
"45.067284","-64.477425","2022-09-14T03:00","PM2.5","35","1"
"46.4783","-63.9869","2022-09-14T03:00","PM2.5","17","1"
"44.647175","-63.573689","2022-09-14T03:00","PM2.5","30","1"
"44.7198","-63.48076","2022-09-14T03:00","PM2.5","36","1"
"46.2406","-63.1306","2022-09-14T03:00","PM2.5","20","1"
"45.681744","-62.696575","2022-09-14T03:00","PM2.5","35","1"
"46.3864","-62.5828","2022-09-14T03:00","PM2.5","16","1"
"45.614028","-61.362122","2022-09-14T03:00","PM2.5","16","1"
"46.142317","-60.172575","2022-09-14T03:00","PM2.5","18","1"
"48.95224","-57.92207","2022-09-14T03:30","PM2.5","19","1"
"48.92696","-55.6597","2022-09-14T03:30","PM2.5","14","1"
"47.098991","-55.198521","2022-09-14T03:30","PM2.5","5","1"
"47.50513","-52.7948","2022-09-14T03:30","PM2.5","7","1"
"47.56038","-52.7115","2022-09-14T03:30","PM2.5","8","1"